Genero,Categoria,Fecha,Medalla,Nombre,Apellido,País,Arrancada,Dos_tiempos,Total
Masculino,55,2019-04-06,Oro,Mirco,Scarantino,Italia,116,145,
Masculino,61,2019-04-07,Oro,Henadz,Laptseu,Bielorrusia,133,153,286
Masculino,67,2019-04-08,Oro,Bernardin,Matam,Francia,137,175,312
Masculino,73,2019-04-09,Oro,Bozhidar,Andreev,Bulgaria,153,192,345
Masculino,81,2019-04-10,Oro,Antonino,Pizzolato,Italia,155,201,356
Masculino,89,2019-04-11,Oro,Hakob,Mkrtchian,Armenia,164,207,371
Masculino,96,2019-04-12,Oro,Yauheni,Tsijantsou,Bielorrusia,178,222,400
Masculino,102,2019-04-13,Oro,Dmytro,Chumak,Ucrania,175,216,391
Masculino,109,2019-04-13,Oro,Simon,Martirosian,Armenia,192,235,427
Masculino,+109,2019-04-13,Oro,Lasha,Talajadze,Georgia,218,260,478
Femenino,45,2019-04-06,Oro,Şaziye,Erdoğan,Turquía,75,88,
Femenino,49,2019-04-06,Oro,Elena,Andrieș,Rumania,87,103,190
Femenino,55,2019-04-07,Oro,Joanna,Łochowska,Polonia,87,112,199
Femenino,59,2019-04-08,Oro,Rebeka,Koha,Letonia,101,120,221
Femenino,64,2019-04-09,Oro,Loredana,Toma,Rumania,111,128,239
Femenino,71,2019-04-10,Oro,Anastasiya,Romanova,Rusia,112,128,240
Femenino,76,2019-04-11,Oro,Daria,Naumava,Bielorrusia,106,136,242
Femenino,81,2019-04-12,Oro,Nina,Schroth,Alemania,102,120,222
Femenino,87,2019-04-12,Oro,Xeniya,Pasjina,Rusia,110,132,242
Femenino,+87,2019-04-13,Oro,Tatiana,Kashirina,Rusia,146,185,331
Masculino,55,2020-04-04,Oro,Anguel,Rusev,Bulgaria,111,147,
Masculino,61,2020-04-04,Oro,Stilian,Grozdev,Bulgaria,136,160,296
Masculino,67,2020-04-05,Oro,Muhammed,Özbek,Turquía,145,178,323
Masculino,73,2020-04-06,Oro,Daniyar,İsmayilov,Turquía,160,181,341
Masculino,81,2020-04-07,Oro,Antonino,Pizzolato,Italia,164,206,370
Masculino,89,2020-04-08,Oro,Karen,Avaguian,Armenia,175,200,375
Masculino,96,2020-04-09,Oro,Anton,Pliesnoi,Georgia,180,213,393
Masculino,102,2020-04-10,Oro,Samvel,Gasparian,Armenia,176,,
Masculino,109,2020-04-10,Oro,Dmytro,Chumak,Ucrania,181,226,407
Masculino,+109,2020-04-11,Oro,Lasha,Talajadze,Georgia,222,263,485
Femenino,45,2020-04-03,Oro,Nadezhda,Nguen,Bulgaria,72,83,
Femenino,49,2020-04-03,Oro,Monica,Csengeri,Rumania,86,103,189
Femenino,55,2020-04-04,Oro,Kamila,Konotop,Ucrania,95,113,208
Femenino,59,2020-04-05,Oro,Boyanka,Kostova,Azerbaiyán,95,116,211
Femenino,64,2020-04-06,Oro,Loredana,Toma,Rumania,114,130,244
Femenino,71,2020-04-07,Oro,Emily,Godley,Reino,,,
Femenino,76,2020-04-08,Oro,Iryna,Deja,Ucrania,113,135,248
Femenino,81,2020-04-09,Oro,Alina,Marushchak,Ucrania,109,127,236
Femenino,87,2020-04-10,Oro,Daria,Ajmerova,Rusia,108,138,246
Femenino,+87,2020-04-11,Oro,Emily,Campbell,Reino,,,
Masculino,55,2019-04-06,Plata,Anguel,Rusev,Bulgaria,110,146,
Masculino,61,2019-04-07,Plata,Bünyamin,Sezer,Turquía,132,151,283
Masculino,67,2019-04-08,Plata,Simon,Brandhuber,Alemania,146,165,311
Masculino,73,2019-04-09,Plata,Briken,Calja,Albania,156,183,339
Masculino,81,2019-04-10,Plata,Piotr,Asayonak,Bielorrusia,159,196,355
Masculino,89,2019-04-11,Plata,Revaz,Davitadze,Georgia,170,200,370
Masculino,96,2019-04-12,Plata,Yegor,Klimonov,Rusia,168,210,378
Masculino,102,2019-04-13,Plata,Samvel,Gasparian,Armenia,168,209,377
Masculino,109,2019-04-13,Plata,Andrei,Aramnau,Bielorrusia,190,221,411
Masculino,+109,2019-04-13,Plata,Irakli,Turmanidze,Georgia,206,241,447
Femenino,45,2019-04-06,Plata,Ivana,Petrova,Bulgaria,69,89,
Femenino,49,2019-04-06,Plata,Kristina,Sobol,Rusia,85,95,180
Femenino,55,2019-04-07,Plata,Svetlana,Yershova,Rusia,90,108,198
Femenino,59,2019-04-08,Plata,Tatiana,Aleyeva,Rusia,94,120,214
Femenino,64,2019-04-09,Plata,Irina,Lepșa,Rumania,102,127,229
Femenino,71,2019-04-10,Plata,Emily,Godley,Reino,,,
Femenino,76,2019-04-11,Plata,Lidia,Valentín​,España,108,133,241
Femenino,81,2019-04-12,Plata,Anna,Van,Bellinghen,,,
Femenino,87,2019-04-12,Plata,Diana,Mstiyeva,Rusia,110,130,240
Femenino,+87,2019-04-13,Plata,Anastasiya,Lysenko,Ucrania,120,148,268
Masculino,55,2020-04-04,Plata,Valentin,Iancu,Rumania,108,140,
Masculino,61,2020-04-04,Plata,Shota,Mishvelidze,Georgia,135,155,290
Masculino,67,2020-04-05,Plata,Mirko,Zanni,Italia,148,170,318
Masculino,73,2020-04-06,Plata,Marin,Robu,Moldavia,156,183,339
Masculino,81,2020-04-07,Plata,Karlos,Nasar,Bulgaria,163,206,369
Masculino,89,2020-04-08,Plata,Revaz,Davitadze,Georgia,171,203,374
Masculino,96,2020-04-09,Plata,Piotr,Asayonak,Bielorrusia,172,202,374
Masculino,102,2020-04-10,Plata,Arsen,Martirosian,Armenia,171,209,380
Masculino,109,2020-04-10,Plata,Jristo,Jristov,Bulgaria,186,220,406
Masculino,+109,2020-04-11,Plata,Gor,Minasian,Armenia,216,248,464
Femenino,45,2020-04-03,Plata,Ivana,Petrova,Bulgaria,67,85,
Femenino,49,2020-04-03,Plata,Kristina,Sobol,Rusia,85,96,181
Femenino,55,2020-04-04,Plata,Svetlana,Yershova,Rusia,88,112,200
Femenino,59,2020-04-05,Plata,Olga,Tio,Rusia,95,115,210
Femenino,64,2020-04-06,Plata,Sarah,Davies,Reino,,,
Femenino,71,2020-04-07,Plata,Alessia,Durante,Italia,97,122,219
Femenino,76,2020-04-08,Plata,Yana,Sotiyeva,Rusia,112,134,246
Femenino,81,2020-04-09,Plata,Gaëlle,Nayo-Ketchanke,Francia,100,131,231
Femenino,87,2020-04-10,Plata,Elena,Cîlcic,Moldavia,107,138,245
Femenino,+87,2020-04-11,Plata,Anastasiya,Lysenko,Ucrania,116,136,252
Masculino,55,2019-04-06,Bronce,Muammer,Şahin,Turquía,112,135,
Masculino,61,2019-04-07,Bronce,Ferdi,Hardal,Turquía,127,155,282
Masculino,67,2019-04-08,Bronce,Goga,Chjeidze,Georgia,139,169,308
Masculino,73,2019-04-09,Bronce,Vadzim,Lijarad,Bielorrusia,153,182,335
Masculino,81,2019-04-10,Bronce,Ritvars,Suharevs,Letonia,162,192,354
Masculino,89,2019-04-11,Bronce,Davit,Hovhannisian,Armenia,165,195,360
Masculino,96,2019-04-12,Bronce,Anton,Pliesnoi,Georgia,173,204,377
Masculino,102,2019-04-13,Bronce,Vadzim,Straltsou,Bielorrusia,170,206,376
Masculino,109,2019-04-13,Bronce,Rodion,Bochkov,Rusia,192,218,410
Masculino,+109,2019-04-13,Bronce,Ruben,Alexanian,Armenia,195,245,440
Femenino,45,2019-04-06,Bronce,Yuliya,Asayonak,Bielorrusia,69,81,
Femenino,49,2019-04-06,Bronce,Giorgia,Russo,Italia,75,103,178
Femenino,55,2019-04-07,Bronce,Kristina,Novitskaya,Rusia,85,105,190
Femenino,59,2019-04-08,Bronce,Alexandra,Kozlova,Rusia,96,117,213
Femenino,64,2019-04-09,Bronce,Zoe,Smith,Reino,,,
Femenino,71,2019-04-10,Bronce,Mădălina,Molie,Rumania,101,114,215
Femenino,76,2019-04-11,Bronce,Patricia,Strenius,Suecia,101,132,233
Femenino,81,2019-04-12,Bronce,Liana,Guiurdzhian,Armenia,97,120,217
Femenino,87,2019-04-12,Bronce,Sarah,Fischer,Austria,102,129,231
Femenino,+87,2019-04-13,Bronce,Emily,Campbell,Reino,,,
Masculino,55,2020-04-04,Bronce,Dmytro,Voronovsky,Ucrania,110,137,
Masculino,61,2020-04-04,Bronce,Ferdi,Hardal,Turquía,130,157,287
Masculino,67,2020-04-05,Bronce,Valentin,Guenchev,Bulgaria,138,177,315
Masculino,73,2020-04-06,Bronce,Briken,Calja,Albania,152,184,336
Masculino,81,2020-04-07,Bronce,Ritvars,Suharevs,Letonia,157,190,347
Masculino,89,2020-04-08,Bronce,Andranik,Karapetian,Armenia,170,195,365
Masculino,96,2020-04-09,Bronce,Hakob,Mkrtchian,Armenia,160,212,372
Masculino,102,2020-04-10,Bronce,Dadaş,Dadaşbəyli,Azerbaiyán,177,202,379
Masculino,109,2020-04-10,Bronce,Timur,Naniyev,Rusia,184,217,401
Masculino,+109,2020-04-11,Bronce,Varazdat,Lalayan,Armenia,205,240,445
Femenino,45,2020-04-03,Bronce,Melisa,Güneş,Turquía,68,83,
Femenino,49,2020-04-03,Bronce,Mihaela,Cambei,Rumania,80,100,180
Femenino,55,2020-04-04,Bronce,Nina,Sterckx,Bélgica,88,109,197
Femenino,59,2020-04-05,Bronce,Dora,Tchakounté,Francia,95,115,210
Femenino,64,2020-04-06,Bronce,Anastasiya,Anzorova,Rusia,100,122,222
Femenino,71,2020-04-07,Bronce,Raluca,Olaru,Rumania,98,120,218
Femenino,76,2020-04-08,Bronce,Anastasiya,Romanova,Rusia,111,132,243
Femenino,81,2020-04-09,Bronce,Liana,Guiurdzhian,Armenia,98,129,227
Femenino,87,2020-04-10,Bronce,Daria,Riazanova,Rusia,105,135,240
Femenino,+87,2020-04-11,Bronce,Melike,Günal,Turquía,108,135,243
