Genero,Categoria,Fecha,Medalla,Nombre,Apellido,País,Arrancada,Dos_tiempos,Total
Femenino,45,2019-04-06,Bronce,Yuliya,Asayonak,Bielorrusia,69.0,81.0,
Femenino,45,2020-04-03,Bronce,Melisa,Güneş,Turquía,68.0,83.0,
Femenino,45,2019-04-06,Oro,Şaziye,Erdoğan,Turquía,75.0,88.0,
Femenino,45,2020-04-03,Oro,Nadezhda,Nguen,Bulgaria,72.0,83.0,
Femenino,45,2019-04-06,Plata,Ivana,Petrova,Bulgaria,69.0,89.0,
Femenino,45,2020-04-03,Plata,Ivana,Petrova,Bulgaria,67.0,85.0,
Femenino,49,2019-04-06,Bronce,Giorgia,Russo,Italia,75.0,103.0,178.0
Femenino,49,2020-04-03,Bronce,Mihaela,Cambei,Rumania,80.0,100.0,180.0
Femenino,49,2019-04-06,Oro,Elena,Andrieș,Rumania,87.0,103.0,190.0
Femenino,49,2020-04-03,Oro,Monica,Csengeri,Rumania,86.0,103.0,189.0
Femenino,49,2019-04-06,Plata,Kristina,Sobol,Rusia,85.0,95.0,180.0
Femenino,49,2020-04-03,Plata,Kristina,Sobol,Rusia,85.0,96.0,181.0
Femenino,55,2019-04-07,Bronce,Kristina,Novitskaya,Rusia,85.0,105.0,190.0
Femenino,55,2020-04-04,Bronce,Nina,Sterckx,Bélgica,88.0,109.0,197.0
Femenino,55,2019-04-07,Oro,Joanna,Łochowska,Polonia,87.0,112.0,199.0
Femenino,55,2020-04-04,Oro,Kamila,Konotop,Ucrania,95.0,113.0,208.0
Femenino,55,2019-04-07,Plata,Svetlana,Yershova,Rusia,90.0,108.0,198.0
Femenino,55,2020-04-04,Plata,Svetlana,Yershova,Rusia,88.0,112.0,200.0
Femenino,59,2019-04-08,Bronce,Alexandra,Kozlova,Rusia,96.0,117.0,213.0
Femenino,59,2020-04-05,Bronce,Dora,Tchakounté,Francia,95.0,115.0,210.0
Femenino,59,2019-04-08,Oro,Rebeka,Koha,Letonia,101.0,120.0,221.0
Femenino,59,2020-04-05,Oro,Boyanka,Kostova,Azerbaiyán,95.0,116.0,211.0
Femenino,59,2019-04-08,Plata,Tatiana,Aleyeva,Rusia,94.0,120.0,214.0
Femenino,59,2020-04-05,Plata,Olga,Tio,Rusia,95.0,115.0,210.0
Femenino,64,2019-04-09,Bronce,Zoe,Smith,Reino,,,
Femenino,64,2020-04-06,Bronce,Anastasiya,Anzorova,Rusia,100.0,122.0,222.0
Femenino,64,2019-04-09,Oro,Loredana,Toma,Rumania,111.0,128.0,239.0
Femenino,64,2020-04-06,Oro,Loredana,Toma,Rumania,114.0,130.0,244.0
Femenino,64,2019-04-09,Plata,Irina,Lepșa,Rumania,102.0,127.0,229.0
Femenino,64,2020-04-06,Plata,Sarah,Davies,Reino,,,
Femenino,71,2019-04-10,Bronce,Mădălina,Molie,Rumania,101.0,114.0,215.0
Femenino,71,2020-04-07,Bronce,Raluca,Olaru,Rumania,98.0,120.0,218.0
Femenino,71,2019-04-10,Oro,Anastasiya,Romanova,Rusia,112.0,128.0,240.0
Femenino,71,2020-04-07,Oro,Emily,Godley,Reino,,,
Femenino,71,2019-04-10,Plata,Emily,Godley,Reino,,,
Femenino,71,2020-04-07,Plata,Alessia,Durante,Italia,97.0,122.0,219.0
Femenino,76,2019-04-11,Bronce,Patricia,Strenius,Suecia,101.0,132.0,233.0
Femenino,76,2020-04-08,Bronce,Anastasiya,Romanova,Rusia,111.0,132.0,243.0
Femenino,76,2019-04-11,Oro,Daria,Naumava,Bielorrusia,106.0,136.0,242.0
Femenino,76,2020-04-08,Oro,Iryna,Deja,Ucrania,113.0,135.0,248.0
Femenino,76,2019-04-11,Plata,Lidia,Valentín​,España,108.0,133.0,241.0
Femenino,76,2020-04-08,Plata,Yana,Sotiyeva,Rusia,112.0,134.0,246.0
Femenino,81,2019-04-12,Bronce,Liana,Guiurdzhian,Armenia,97.0,120.0,217.0
Femenino,81,2020-04-09,Bronce,Liana,Guiurdzhian,Armenia,98.0,129.0,227.0
Femenino,81,2019-04-12,Oro,Nina,Schroth,Alemania,102.0,120.0,222.0
Femenino,81,2020-04-09,Oro,Alina,Marushchak,Ucrania,109.0,127.0,236.0
Femenino,81,2019-04-12,Plata,Anna,Van,Bellinghen,,,
Femenino,81,2020-04-09,Plata,Gaëlle,Nayo-Ketchanke,Francia,100.0,131.0,231.0
Femenino,87,2019-04-12,Bronce,Sarah,Fischer,Austria,102.0,129.0,231.0
Femenino,87,2019-04-13,Bronce,Emily,Campbell,Reino,,,
Femenino,87,2020-04-10,Bronce,Daria,Riazanova,Rusia,105.0,135.0,240.0
Femenino,87,2020-04-11,Bronce,Melike,Günal,Turquía,108.0,135.0,243.0
Femenino,87,2019-04-12,Oro,Xeniya,Pasjina,Rusia,110.0,132.0,242.0
Femenino,87,2019-04-13,Oro,Tatiana,Kashirina,Rusia,146.0,185.0,331.0
Femenino,87,2020-04-10,Oro,Daria,Ajmerova,Rusia,108.0,138.0,246.0
Femenino,87,2020-04-11,Oro,Emily,Campbell,Reino,,,
Femenino,87,2019-04-12,Plata,Diana,Mstiyeva,Rusia,110.0,130.0,240.0
Femenino,87,2019-04-13,Plata,Anastasiya,Lysenko,Ucrania,120.0,148.0,268.0
Femenino,87,2020-04-10,Plata,Elena,Cîlcic,Moldavia,107.0,138.0,245.0
Femenino,87,2020-04-11,Plata,Anastasiya,Lysenko,Ucrania,116.0,136.0,252.0
Masculino,55,2019-04-06,Bronce,Muammer,Şahin,Turquía,112.0,135.0,
Masculino,55,2020-04-04,Bronce,Dmytro,Voronovsky,Ucrania,110.0,137.0,
Masculino,55,2019-04-06,Oro,Mirco,Scarantino,Italia,116.0,145.0,
Masculino,55,2020-04-04,Oro,Anguel,Rusev,Bulgaria,111.0,147.0,
Masculino,55,2019-04-06,Plata,Anguel,Rusev,Bulgaria,110.0,146.0,
Masculino,55,2020-04-04,Plata,Valentin,Iancu,Rumania,108.0,140.0,
Masculino,61,2019-04-07,Bronce,Ferdi,Hardal,Turquía,127.0,155.0,282.0
Masculino,61,2020-04-04,Bronce,Ferdi,Hardal,Turquía,130.0,157.0,287.0
Masculino,61,2019-04-07,Oro,Henadz,Laptseu,Bielorrusia,133.0,153.0,286.0
Masculino,61,2020-04-04,Oro,Stilian,Grozdev,Bulgaria,136.0,160.0,296.0
Masculino,61,2019-04-07,Plata,Bünyamin,Sezer,Turquía,132.0,151.0,283.0
Masculino,61,2020-04-04,Plata,Shota,Mishvelidze,Georgia,135.0,155.0,290.0
Masculino,67,2019-04-08,Bronce,Goga,Chjeidze,Georgia,139.0,169.0,308.0
Masculino,67,2020-04-05,Bronce,Valentin,Guenchev,Bulgaria,138.0,177.0,315.0
Masculino,67,2019-04-08,Oro,Bernardin,Matam,Francia,137.0,175.0,312.0
Masculino,67,2020-04-05,Oro,Muhammed,Özbek,Turquía,145.0,178.0,323.0
Masculino,67,2019-04-08,Plata,Simon,Brandhuber,Alemania,146.0,165.0,311.0
Masculino,67,2020-04-05,Plata,Mirko,Zanni,Italia,148.0,170.0,318.0
Masculino,73,2019-04-09,Bronce,Vadzim,Lijarad,Bielorrusia,153.0,182.0,335.0
Masculino,73,2020-04-06,Bronce,Briken,Calja,Albania,152.0,184.0,336.0
Masculino,73,2019-04-09,Oro,Bozhidar,Andreev,Bulgaria,153.0,192.0,345.0
Masculino,73,2020-04-06,Oro,Daniyar,İsmayilov,Turquía,160.0,181.0,341.0
Masculino,73,2019-04-09,Plata,Briken,Calja,Albania,156.0,183.0,339.0
Masculino,73,2020-04-06,Plata,Marin,Robu,Moldavia,156.0,183.0,339.0
Masculino,81,2019-04-10,Bronce,Ritvars,Suharevs,Letonia,162.0,192.0,354.0
Masculino,81,2020-04-07,Bronce,Ritvars,Suharevs,Letonia,157.0,190.0,347.0
Masculino,81,2019-04-10,Oro,Antonino,Pizzolato,Italia,155.0,201.0,356.0
Masculino,81,2020-04-07,Oro,Antonino,Pizzolato,Italia,164.0,206.0,370.0
Masculino,81,2019-04-10,Plata,Piotr,Asayonak,Bielorrusia,159.0,196.0,355.0
Masculino,81,2020-04-07,Plata,Karlos,Nasar,Bulgaria,163.0,206.0,369.0
Masculino,89,2019-04-11,Bronce,Davit,Hovhannisian,Armenia,165.0,195.0,360.0
Masculino,89,2020-04-08,Bronce,Andranik,Karapetian,Armenia,170.0,195.0,365.0
Masculino,89,2019-04-11,Oro,Hakob,Mkrtchian,Armenia,164.0,207.0,371.0
Masculino,89,2020-04-08,Oro,Karen,Avaguian,Armenia,175.0,200.0,375.0
Masculino,89,2019-04-11,Plata,Revaz,Davitadze,Georgia,170.0,200.0,370.0
Masculino,89,2020-04-08,Plata,Revaz,Davitadze,Georgia,171.0,203.0,374.0
Masculino,96,2019-04-12,Bronce,Anton,Pliesnoi,Georgia,173.0,204.0,377.0
Masculino,96,2020-04-09,Bronce,Hakob,Mkrtchian,Armenia,160.0,212.0,372.0
Masculino,96,2019-04-12,Oro,Yauheni,Tsijantsou,Bielorrusia,178.0,222.0,400.0
Masculino,96,2020-04-09,Oro,Anton,Pliesnoi,Georgia,180.0,213.0,393.0
Masculino,96,2019-04-12,Plata,Yegor,Klimonov,Rusia,168.0,210.0,378.0
Masculino,96,2020-04-09,Plata,Piotr,Asayonak,Bielorrusia,172.0,202.0,374.0
Masculino,102,2019-04-13,Bronce,Vadzim,Straltsou,Bielorrusia,170.0,206.0,376.0
Masculino,102,2020-04-10,Bronce,Dadaş,Dadaşbəyli,Azerbaiyán,177.0,202.0,379.0
Masculino,102,2019-04-13,Oro,Dmytro,Chumak,Ucrania,175.0,216.0,391.0
Masculino,102,2020-04-10,Oro,Samvel,Gasparian,Armenia,176.0,,
Masculino,102,2019-04-13,Plata,Samvel,Gasparian,Armenia,168.0,209.0,377.0
Masculino,102,2020-04-10,Plata,Arsen,Martirosian,Armenia,171.0,209.0,380.0
Masculino,109,2019-04-13,Bronce,Rodion,Bochkov,Rusia,192.0,218.0,410.0
Masculino,109,2019-04-13,Bronce,Ruben,Alexanian,Armenia,195.0,245.0,440.0
Masculino,109,2020-04-10,Bronce,Timur,Naniyev,Rusia,184.0,217.0,401.0
Masculino,109,2020-04-11,Bronce,Varazdat,Lalayan,Armenia,205.0,240.0,445.0
Masculino,109,2019-04-13,Oro,Simon,Martirosian,Armenia,192.0,235.0,427.0
Masculino,109,2019-04-13,Oro,Lasha,Talajadze,Georgia,218.0,260.0,478.0
Masculino,109,2020-04-10,Oro,Dmytro,Chumak,Ucrania,181.0,226.0,407.0
Masculino,109,2020-04-11,Oro,Lasha,Talajadze,Georgia,222.0,263.0,485.0
Masculino,109,2019-04-13,Plata,Andrei,Aramnau,Bielorrusia,190.0,221.0,411.0
Masculino,109,2019-04-13,Plata,Irakli,Turmanidze,Georgia,206.0,241.0,447.0
Masculino,109,2020-04-10,Plata,Jristo,Jristov,Bulgaria,186.0,220.0,406.0
Masculino,109,2020-04-11,Plata,Gor,Minasian,Armenia,216.0,248.0,464.0
